site_id,year,ring_width
site_03,1900,1.567
site_03,1901,1.534
site_03,1902,1.501
site_03,1903,1.589
site_03,1904,1.623
site_03,1905,1.534
site_03,1906,1.478
site_03,1907,1.512
site_03,1908,1.601
site_03,1909,1.534
site_03,1910,1.456
site_03,1911,1.489
site_03,1912,1.612
site_03,1913,1.534
site_03,1914,1.423
site_03,1915,1.467
site_03,1916,1.645
site_03,1917,1.567
site_03,1918,1.478
site_03,1919,1.534
site_03,1920,1.678
site_03,1921,1.589
site_03,1922,1.478
site_03,1923,1.534
site_03,1924,1.756
site_03,1925,1.667
site_03,1926,1.534
site_03,1927,1.589
site_03,1928,1.789
site_03,1929,1.678
site_03,1930,1.534
site_03,1931,1.589
site_03,1932,1.823
site_03,1933,1.712
site_03,1934,1.567
site_03,1935,1.623
site_03,1936,1.856
site_03,1937,1.745
site_03,1938,1.589
site_03,1939,1.645
site_03,1940,1.889
site_03,1941,1.778
site_03,1942,1.623
site_03,1943,1.678
site_03,1944,1.923
site_03,1945,1.812
site_03,1946,1.656
site_03,1947,1.712
site_03,1948,1.956
site_03,1949,1.845
site_03,1950,2.012
site_03,1951,1.867
site_03,1952,1.689
site_03,1953,1.756
site_03,1954,1.912
site_03,1955,1.801
site_03,1956,1.623
site_03,1957,1.689
site_03,1958,1.834
site_03,1959,1.723
site_03,1960,1.545
site_03,1961,1.612
site_03,1962,1.756
site_03,1963,1.645
site_03,1964,1.467
site_03,1965,1.534
site_03,1966,1.678
site_03,1967,1.567
site_03,1968,1.389
site_03,1969,1.456
site_03,1970,1.601
site_03,1971,1.489
site_03,1972,1.312
site_03,1973,1.378
site_03,1974,1.523
site_03,1975,1.412
site_03,1976,1.234
site_03,1977,1.301
site_03,1978,1.445
site_03,1979,1.334
site_03,1980,1.156
site_03,1981,1.223
site_03,1982,1.367
site_03,1983,1.256
site_03,1984,1.078
site_03,1985,1.145
site_03,1986,1.289
site_03,1987,1.178
site_03,1988,1.001
site_03,1989,1.067
site_03,1990,1.211
site_03,1991,1.101
site_03,1992,0.923
site_03,1993,0.989
site_03,1994,1.134
site_03,1995,1.023
site_03,1996,0.845
site_03,1997,0.911
site_03,1998,1.056
site_03,1999,0.945
site_03,2000,0.767
site_03,2001,0.834
site_03,2002,0.978
site_03,2003,0.867
site_03,2004,0.689
site_03,2005,0.756
site_03,2006,0.901
site_03,2007,0.789
site_03,2008,0.611
site_03,2009,0.678
site_03,2010,0.823
site_03,2011,0.712
site_03,2012,0.534
site_03,2013,0.601
site_03,2014,0.745
site_03,2015,0.634
site_03,2016,0.456
site_03,2017,0.523
site_03,2018,0.667
site_03,2019,0.556
site_03,2020,0.378
site_03,2021,0.445
site_03,2022,0.589
site_03,2023,0.478
